K,mean_recall,se_recall
1,0.06058912762272684,0.0076513835939432725
5,0.17847219135425374,0.01234563439835878
10,0.39726806260993686,0.023325824660140063
20,0.7951264267950774,0.03978721099324644
