fold,K,Recall_at_K
1,1,0.02631578947368421
1,5,0.21052631578947367
1,10,0.40789473684210525
1,20,0.7631578947368421
2,1,0.10526315789473684
2,5,0.35526315789473684
2,10,0.5526315789473685
2,20,0.8552631578947368
3,1,0.0641025641025641
3,5,0.3333333333333333
3,10,0.5256410256410257
3,20,0.8974358974358975
4,1,0.08
4,5,0.28
4,10,0.5066666666666667
4,20,0.7866666666666666
5,1,0.09722222222222222
5,5,0.375
5,10,0.5833333333333334
5,20,0.8194444444444444
