fold,K,Recall_at_K
1,1,0.08695652173913043
1,5,0.15217391304347827
1,10,0.32608695652173914
1,20,0.8260869565217391
2,1,0.05660377358490566
2,5,0.20754716981132076
2,10,0.4528301886792453
2,20,0.8490566037735849
3,1,0.06382978723404255
3,5,0.14893617021276595
3,10,0.3829787234042553
3,20,0.8723404255319149
4,1,0.04
4,5,0.18
4,10,0.38
4,20,0.78
5,1,0.05555555555555555
5,5,0.2037037037037037
5,10,0.4444444444444444
5,20,0.6481481481481481
