K,mean_recall,se_recall
1,0.07458074673864147,0.014004844667969656
5,0.3108245614035088,0.02967306206808041
10,0.5152334682861,0.02978214306306104
20,0.8243936122357175,0.02396427972822997
