"Mutation","Neg_with","Neg_without","Pos_with","Pos_without","Neg_prop","Pos_prop","OR","CI_low","CI_high","P_value","FDR"
"rpoB_P564L",8,2,1,11,0.8,0.0833333333333333,33.2498384294536,2.58238958746313,2081.94988302693,0.00154798761609907,0.0154798761609907
"rpoB_D516G",9,1,3,9,0.9,0.25,22.0594661569847,1.86760366831447,1296.795983676,0.00369135508454394,0.0184567754227197
"rpoB_S531F",8,2,4,8,0.8,0.333333333333333,7.17373839549328,0.858784222977564,101.733668727566,0.042731262545504,0.142437541818347
"rpoB_D516N",7,3,3,9,0.7,0.25,6.31127308535251,0.801019039979468,68.4333192304152,0.0835573095635015,0.208893273908754
"rpoB_H526R",9,1,8,4,0.9,0.666666666666667,4.21834841959369,0.323929116563604,245.353981465741,0.323308270676692,0.544007076514817
"rpoB_H526Y",5,5,9,3,0.5,0.75,0.351370366290439,0.0369683510421687,2.73605765479553,0.377708978328173,0.544007076514817
"rpoB_S531L",2,8,5,7,0.2,0.416666666666667,0.367138590343096,0.0267396356892229,3.19437628299579,0.380804953560372,0.544007076514817
"rpoB_Q148R",2,8,1,11,0.2,0.0833333333333333,2.62607995981906,0.117318321382176,176.490996625851,0.571428571428572,0.714285714285714
"rpoB_H526D",4,6,5,7,0.4,0.416666666666667,0.936282224569586,0.121416450135756,6.93663408754342,1,1
"rpoB_D516V",4,6,4,8,0.4,0.333333333333333,1.31588480130722,0.166513698676412,10.5882506962616,1,1
