Species,Masked,Unmasked_cf,Delta
Brucella abortus,0.16666666666666666,1,0.8333333333333334
Legionella longbeachae,0,0.7,0.7
Vibrio vulnificus,0,0.6333333333333333,0.6333333333333333
Chlamydophila pneumoniae,0,0.62,0.62
Listeria monocytogenes,0.1,0.6733333333333333,0.5733333333333334
Brucella melitensis,0.48,0.935,0.45500000000000007
Helicobacter pylori ATCC,0.43333333333333335,0.8742063492063492,0.44087301587301586
Neisseria meningitidis,0.5,0.9,0.4
