K,mean_recall,se_recall
1,0.07458074673864147,0.014004844667969656
5,0.3108245614035088,0.02967306206808041
10,0.5152334682861,0.02978214306306104
15,0.6736491228070175,0.016339390589189675
20,0.8243936122357175,0.02396427972822997
25,0.885778677462888,0.02697442311533144
30,0.9496023391812866,0.022085160573738154
40,0.9893274853801169,0.004944893136049048
50,1,0
